category,pass_at_1,pass_at_3,pass_at_5,pass_at_10,avg_score,tasks_completed
OVERALL,0.6,0.7333333333333333,0.9333333333333333,0.9333333333333333,0.5553160317460318,15
Basic,0.75,1.0,1.0,1.0,0.7091875000000001,4
Intermediate,0.75,0.75,1.0,1.0,0.5881833333333334,4
Advanced,0.42857142857142855,0.5714285714285714,0.8571428571428571,0.8571428571428571,0.44860816326530617,7
