{
  "overall_pass_at_k": {
    "1": 0.6,
    "3": 0.7333333333333333,
    "5": 0.9333333333333333,
    "10": 0.9333333333333333
  },
  "category_pass_at_k": {
    "basic": {
      "1": 0.75,
      "3": 1.0,
      "5": 1.0,
      "10": 1.0
    },
    "intermediate": {
      "1": 0.75,
      "3": 0.75,
      "5": 1.0,
      "10": 1.0
    },
    "advanced": {
      "1": 0.42857142857142855,
      "3": 0.5714285714285714,
      "5": 0.8571428571428571,
      "10": 0.8571428571428571
    }
  }
}